#trait_name	marker	p-value
Seed beany flavor	S02_47727086	3.67E−08
Seed beany flavor	S02_48688740	1.29E-05
Seed beany flavor	S02_49605939	2.48E−06
Seed beany flavor	S06_5174714	6.15E−07
Seed beany flavor	S06_5391064	1.93E-06
Seed beany flavor	S07_28996873	6.66E−06
Seed beany flavor	S10_42475118	5.51E−09
Seed beany flavor	S10_42528848	6.12E-09
Seed beany flavor	S10_44117615	4.69E-06
Seed beany flavor	S11_44125952	2.57E-09
Seed beany flavor	S11_46580267	2.21E-08
Seed bitter flavor	S01_51119029	1.47E−05
Seed cooking time	S03_4885990	1.03E-07
Seed cooking time	S03_5243893	2.04E-06
Seed cooking time	S03_51292502	2.07E-05
Seed cooking time	S04_3957256	2.24E-05
Seed cooking time	S04_47068842	2.93E-08
Seed cooking time	S06_19636517	2.02E-05
Seed cooking time	S07_3009718	6.05E-08
Seed cooking time	S07_30919254	1.54E-05
Seed cooking time	S08_60104796	2.31E-06
Seed cooking time	S08_62659170	3.52E-06
Seed cooking time	S11_10805992	2.22E-07
Cotyledon texture	S03_31659572	9.43E−11
Cotyledon texture	S08_2356200	3.32E−07
Seed earthy flavor	S02_48899330	4.00E-11
Seed earthy flavor	S04_448769	1.56E-09
Seed earthy flavor	S04_528286	8.63E−08
Seed earthy flavor	S04_4661131	1.98E−06
Seed earthy flavor	S11_8151131	7.34E-07
Seed earthy flavor	S11_47172346	1.23E−06
Seed weight	S01_47840887	9.04E-07
Seed weight	S01_49584124	3.14E-06
Seed weight	S02_33254640	5.72E-18
Seed weight	S03_40318649	6.57E-06
Seed weight	S03_41895570	3.55E-07
Seed weight	S04_1769598	1.36E-06
Seed weight	S05_1069847	1.79E-15
Seed weight	S05_1138961	6.10E-07
Seed weight	S05_36225413	1.05E-11
Seed weight	S06_18456447	2.59E-09
Seed weight	S07_1842933	1.91E-06
Seed weight	S07_25513414	8.08E-06
Seed weight	S08_61954787	7.27E-12
Seed weight	S09_33770475	1.27E-06
Seed weight	S11_46634045	4.36E-07
Seed coat perception	S02_34387999	6.35E-07
Seed coat perception	S02_34629777	2.43E−07
Seed coat perception	S02_48936819	9.06E−11
Seed coat perception	S02_49203869	5.40E-10
Seed coat perception	S05_1034657	7.00E-09
Seed coat perception	S05_2198768	2.29E-06
Seed coat perception	S07_3664145	2.50E-07
Seed coat perception	S08_60104671	4.90E−07
Seed water absorption	S02_47837868	8.17E-08
Seed water absorption	S03_25546920	5.30E-06
Seed water absorption	S03_50652595	3.36E-06
Seed water absorption	S03_51140861	1.89E-11
Seed water absorption	S04_30764016	1.41E-05
Seed water absorption	S04_47654443	1.26E-05
Seed water absorption	S05_37924556	4.53E-06
Seed water absorption	S07_3919560	2.66E-06
Seed water absorption	S07_18212326	1.34E-06
Seed water absorption	S07_27774103	4.22E-10
Seed water absorption	S07_38497123	3.20E-06
Seed water absorption	S07_39390008	1.10E-09
Seed water absorption	S08_59981977	1.49E-06
Seed water absorption	S08_60478317	1.14E-07
Seed water absorption	S10_37637761	8.68E-08
Seed water absorption	S10_43391440	3.25E-07
Seed water absorption	S11_5714496	1.83E-11
Seed starchy flavor	S01_42652564	5.42E−06
Seed total flavor	S01_5952237	1.87E−05
Seed total flavor	S02_34288083	1.94E−07
Seed total flavor	S02_37932341	1.04E-08
Seed total flavor	S02_38579748	2.31E−07
Seed total flavor	S03_36213088	4.32E-06
Seed total flavor	S03_51252684	1.57E-07
Seed total flavor	S04_47465212	8.95E-09
Seed total flavor	S05_8530078	1.84E-06
Seed total flavor	S05_35951411	8.83E-08
Seed total flavor	S05_36225444	1.91E−06
Seed total flavor	S05_39325999	1.23E−05
Seed total flavor	S05_40598752	7.14E-06
Seed total flavor	S06_6583452	1.92E-07
Seed total flavor	S08_4550936	9.09E-09
Seed total flavor	S09_235919	6.53E−07
Seed total flavor	S09_10273671	3.39E-06
Seed total flavor	S10_42515259	2.38E-08
Seed total flavor	S10_42798266	4.04E-06
Seed total flavor	S11_726776	6.73E-07
Seed total flavor	S11_1465049	1.12E-07
Seed total flavor	S11_46750806	1.72E-06
Cooked seed water absorption	S03_2580077	1.11E-06
Cooked seed water absorption	S03_7619818	1.17E-06
Cooked seed water absorption	S04_30764016	4.25E-07
Cooked seed water absorption	S09_37046204	8.29E-06
Cooked seed water absorption	S11_48753729	3.44E-06
