LegSF.fam3.00003	Legume.fam3.00130
LegSF.fam3.00003	Legume.fam3.00056
LegSF.fam3.00003	Legume.fam3.00225
LegSF.fam3.00003	Legume.fam3.00592
LegSF.fam3.00003	Legume.fam3.01383
LegSF.fam3.00003	Legume.fam3.01443
LegSF.fam3.00003	Legume.fam3.02742
LegSF.fam3.00003	Legume.fam3.03027
LegSF.fam3.00003	Legume.fam3.03284
LegSF.fam3.00003	Legume.fam3.03457
LegSF.fam3.00003	Legume.fam3.03756
LegSF.fam3.00003	Legume.fam3.05485
LegSF.fam3.00003	Legume.fam3.05971
LegSF.fam3.00003	Legume.fam3.08710
LegSF.fam3.00003	Legume.fam3.10607
LegSF.fam3.00003	Legume.fam3.10786
LegSF.fam3.00003	Legume.fam3.12916
LegSF.fam3.00003	Legume.fam3.13941
LegSF.fam3.00003	Legume.fam3.14045
LegSF.fam3.00003	Legume.fam3.14062
LegSF.fam3.00003	Legume.fam3.14180
LegSF.fam3.00003	Legume.fam3.14441
LegSF.fam3.00003	Legume.fam3.15850
LegSF.fam3.00003	Legume.fam3.16094
LegSF.fam3.00003	Legume.fam3.16317
LegSF.fam3.00003	Legume.fam3.16395
LegSF.fam3.00003	Legume.fam3.16824
LegSF.fam3.00003	Legume.fam3.16961
LegSF.fam3.00003	Legume.fam3.17302
LegSF.fam3.00003	Legume.fam3.17581
LegSF.fam3.00003	Legume.fam3.17582
LegSF.fam3.00003	Legume.fam3.17593
LegSF.fam3.00003	Legume.fam3.17866
LegSF.fam3.00003	Legume.fam3.17941
LegSF.fam3.00003	Legume.fam3.17948
LegSF.fam3.00003	Legume.fam3.17975
LegSF.fam3.00003	Legume.fam3.18148
LegSF.fam3.00003	Legume.fam3.18261
LegSF.fam3.00003	Legume.fam3.18338
LegSF.fam3.00003	Legume.fam3.19388
LegSF.fam3.00003	Legume.fam3.19929
LegSF.fam3.00003	Legume.fam3.20202
LegSF.fam3.00003	Legume.fam3.20479
LegSF.fam3.00003	Legume.fam3.21072
LegSF.fam3.00003	Legume.fam3.23306
LegSF.fam3.00003	Legume.fam3.23339
LegSF.fam3.00003	Legume.fam3.23447
LegSF.fam3.00003	Legume.fam3.23889
LegSF.fam3.00003	Legume.fam3.24795
LegSF.fam3.00003	Legume.fam3.27407
LegSF.fam3.00009	Legume.fam3.02924
LegSF.fam3.00009	Legume.fam3.00326
LegSF.fam3.00009	Legume.fam3.00429
LegSF.fam3.00009	Legume.fam3.00436
LegSF.fam3.00009	Legume.fam3.00515
LegSF.fam3.00009	Legume.fam3.00643
LegSF.fam3.00009	Legume.fam3.00712
LegSF.fam3.00009	Legume.fam3.01299
LegSF.fam3.00009	Legume.fam3.01329
LegSF.fam3.00009	Legume.fam3.01334
LegSF.fam3.00009	Legume.fam3.01342
LegSF.fam3.00009	Legume.fam3.01636
LegSF.fam3.00009	Legume.fam3.04075
LegSF.fam3.00009	Legume.fam3.07480
LegSF.fam3.00009	Legume.fam3.07656
LegSF.fam3.00009	Legume.fam3.08239
LegSF.fam3.00009	Legume.fam3.08252
LegSF.fam3.00009	Legume.fam3.08594
LegSF.fam3.00009	Legume.fam3.12030
LegSF.fam3.00009	Legume.fam3.12957
LegSF.fam3.00009	Legume.fam3.15185
LegSF.fam3.00009	Legume.fam3.15550
LegSF.fam3.00009	Legume.fam3.16927
LegSF.fam3.00009	Legume.fam3.19183
LegSF.fam3.00009	Legume.fam3.21221
LegSF.fam3.00009	Legume.fam3.23134
LegSF.fam3.00009	Legume.fam3.24149
LegSF.fam3.00016	Legume.fam3.15993
LegSF.fam3.00016	Legume.fam3.01127
LegSF.fam3.00016	Legume.fam3.01373
LegSF.fam3.00016	Legume.fam3.01485
LegSF.fam3.00016	Legume.fam3.01582
LegSF.fam3.00016	Legume.fam3.02325
LegSF.fam3.00016	Legume.fam3.02678
LegSF.fam3.00016	Legume.fam3.03022
LegSF.fam3.00016	Legume.fam3.05486
LegSF.fam3.00016	Legume.fam3.05650
LegSF.fam3.00016	Legume.fam3.06661
LegSF.fam3.00016	Legume.fam3.07250
LegSF.fam3.00016	Legume.fam3.08620
LegSF.fam3.00016	Legume.fam3.08654
LegSF.fam3.00016	Legume.fam3.08766
LegSF.fam3.00016	Legume.fam3.10043
LegSF.fam3.00016	Legume.fam3.11718
LegSF.fam3.00016	Legume.fam3.13260
LegSF.fam3.00016	Legume.fam3.15039
LegSF.fam3.00016	Legume.fam3.16070
LegSF.fam3.00016	Legume.fam3.17136
LegSF.fam3.00016	Legume.fam3.17600
LegSF.fam3.00025	Legume.fam3.14811
LegSF.fam3.00025	Legume.fam3.00341
LegSF.fam3.00025	Legume.fam3.01186
LegSF.fam3.00025	Legume.fam3.01304
LegSF.fam3.00025	Legume.fam3.01626
LegSF.fam3.00025	Legume.fam3.03964
LegSF.fam3.00025	Legume.fam3.06697
LegSF.fam3.00025	Legume.fam3.07291
LegSF.fam3.00025	Legume.fam3.07443
LegSF.fam3.00025	Legume.fam3.08325
LegSF.fam3.00025	Legume.fam3.09329
LegSF.fam3.00025	Legume.fam3.09697
LegSF.fam3.00025	Legume.fam3.09864
LegSF.fam3.00025	Legume.fam3.09903
LegSF.fam3.00025	Legume.fam3.10434
LegSF.fam3.00025	Legume.fam3.13697
LegSF.fam3.00025	Legume.fam3.15290
LegSF.fam3.00025	Legume.fam3.16179
LegSF.fam3.00025	Legume.fam3.18575
LegSF.fam3.00025	Legume.fam3.23248
LegSF.fam3.00033	Legume.fam3.10895
LegSF.fam3.00033	Legume.fam3.00114
LegSF.fam3.00033	Legume.fam3.00227
LegSF.fam3.00033	Legume.fam3.00907
LegSF.fam3.00033	Legume.fam3.03982
LegSF.fam3.00033	Legume.fam3.04659
LegSF.fam3.00033	Legume.fam3.04699
LegSF.fam3.00033	Legume.fam3.05932
LegSF.fam3.00033	Legume.fam3.07226
LegSF.fam3.00033	Legume.fam3.12987
LegSF.fam3.00033	Legume.fam3.13356
LegSF.fam3.00033	Legume.fam3.16517
LegSF.fam3.00033	Legume.fam3.18244
LegSF.fam3.00033	Legume.fam3.19666
LegSF.fam3.00033	Legume.fam3.20595
LegSF.fam3.00033	Legume.fam3.23207
LegSF.fam3.00033	Legume.fam3.24648
LegSF.fam3.00040	Legume.fam3.02091
LegSF.fam3.00040	Legume.fam3.01251
LegSF.fam3.00040	Legume.fam3.02519
LegSF.fam3.00040	Legume.fam3.03063
LegSF.fam3.00040	Legume.fam3.04997
LegSF.fam3.00040	Legume.fam3.05069
LegSF.fam3.00040	Legume.fam3.05093
LegSF.fam3.00040	Legume.fam3.07189
LegSF.fam3.00040	Legume.fam3.08358
LegSF.fam3.00040	Legume.fam3.10494
LegSF.fam3.00040	Legume.fam3.12339
LegSF.fam3.00040	Legume.fam3.20768
LegSF.fam3.00040	Legume.fam3.22153
LegSF.fam3.00040	Legume.fam3.22590
LegSF.fam3.00040	Legume.fam3.23363
LegSF.fam3.00040	Legume.fam3.23454
LegSF.fam3.00044	Legume.fam3.04083
LegSF.fam3.00044	Legume.fam3.00294
LegSF.fam3.00044	Legume.fam3.00858
LegSF.fam3.00044	Legume.fam3.00932
LegSF.fam3.00044	Legume.fam3.02488
LegSF.fam3.00044	Legume.fam3.03337
LegSF.fam3.00044	Legume.fam3.04897
LegSF.fam3.00044	Legume.fam3.05382
LegSF.fam3.00044	Legume.fam3.05501
LegSF.fam3.00044	Legume.fam3.09269
LegSF.fam3.00044	Legume.fam3.10489
LegSF.fam3.00044	Legume.fam3.13020
LegSF.fam3.00044	Legume.fam3.13578
LegSF.fam3.00044	Legume.fam3.17507
LegSF.fam3.00044	Legume.fam3.22360
LegSF.fam3.00044	Legume.fam3.24225
LegSF.fam3.00051	Legume.fam3.07541
LegSF.fam3.00051	Legume.fam3.01073
LegSF.fam3.00051	Legume.fam3.01595
LegSF.fam3.00051	Legume.fam3.02453
LegSF.fam3.00051	Legume.fam3.02666
LegSF.fam3.00051	Legume.fam3.02968
LegSF.fam3.00051	Legume.fam3.03264
LegSF.fam3.00051	Legume.fam3.03632
LegSF.fam3.00051	Legume.fam3.03927
LegSF.fam3.00051	Legume.fam3.04585
LegSF.fam3.00051	Legume.fam3.05548
LegSF.fam3.00051	Legume.fam3.07837
LegSF.fam3.00051	Legume.fam3.12784
LegSF.fam3.00051	Legume.fam3.14872
LegSF.fam3.00051	Legume.fam3.18612
LegSF.fam3.00080	Legume.fam3.10226
LegSF.fam3.00080	Legume.fam3.00601
LegSF.fam3.00080	Legume.fam3.01183
LegSF.fam3.00080	Legume.fam3.02083
LegSF.fam3.00080	Legume.fam3.02169
LegSF.fam3.00080	Legume.fam3.03448
LegSF.fam3.00080	Legume.fam3.05277
LegSF.fam3.00080	Legume.fam3.05906
LegSF.fam3.00080	Legume.fam3.06192
LegSF.fam3.00080	Legume.fam3.07760
LegSF.fam3.00080	Legume.fam3.08500
LegSF.fam3.00080	Legume.fam3.18590
LegSF.fam3.00087	Legume.fam3.19270
LegSF.fam3.00087	Legume.fam3.04613
LegSF.fam3.00087	Legume.fam3.05098
LegSF.fam3.00087	Legume.fam3.12407
LegSF.fam3.00087	Legume.fam3.15066
LegSF.fam3.00087	Legume.fam3.15634
LegSF.fam3.00087	Legume.fam3.18321
LegSF.fam3.00087	Legume.fam3.20729
LegSF.fam3.00087	Legume.fam3.21225
LegSF.fam3.00087	Legume.fam3.21620
LegSF.fam3.00087	Legume.fam3.22421
LegSF.fam3.00087	Legume.fam3.23671
LegSF.fam3.00090	Legume.fam3.00685
LegSF.fam3.00090	Legume.fam3.00362
LegSF.fam3.00090	Legume.fam3.00405
LegSF.fam3.00090	Legume.fam3.02767
LegSF.fam3.00090	Legume.fam3.03882
LegSF.fam3.00090	Legume.fam3.05217
LegSF.fam3.00090	Legume.fam3.05453
LegSF.fam3.00090	Legume.fam3.09233
LegSF.fam3.00090	Legume.fam3.15669
LegSF.fam3.00090	Legume.fam3.16967
LegSF.fam3.00090	Legume.fam3.17102
LegSF.fam3.00090	Legume.fam3.18763
LegSF.fam3.00095	Legume.fam3.08643
LegSF.fam3.00095	Legume.fam3.00680
LegSF.fam3.00095	Legume.fam3.00886
LegSF.fam3.00095	Legume.fam3.02264
LegSF.fam3.00095	Legume.fam3.04136
LegSF.fam3.00095	Legume.fam3.05919
LegSF.fam3.00095	Legume.fam3.06358
LegSF.fam3.00095	Legume.fam3.08190
LegSF.fam3.00095	Legume.fam3.08508
LegSF.fam3.00095	Legume.fam3.10763
LegSF.fam3.00095	Legume.fam3.15152
LegSF.fam3.00108	Legume.fam3.20373
LegSF.fam3.00108	Legume.fam3.00248
LegSF.fam3.00108	Legume.fam3.00381
LegSF.fam3.00108	Legume.fam3.10624
LegSF.fam3.00108	Legume.fam3.13844
LegSF.fam3.00108	Legume.fam3.17181
LegSF.fam3.00108	Legume.fam3.17731
LegSF.fam3.00108	Legume.fam3.17856
LegSF.fam3.00108	Legume.fam3.19403
LegSF.fam3.00108	Legume.fam3.20517
LegSF.fam3.00108	Legume.fam3.21131
LegSF.fam3.00125	Legume.fam3.08313
LegSF.fam3.00125	Legume.fam3.04052
LegSF.fam3.00125	Legume.fam3.05029
LegSF.fam3.00125	Legume.fam3.08809
LegSF.fam3.00125	Legume.fam3.10878
LegSF.fam3.00125	Legume.fam3.14462
LegSF.fam3.00125	Legume.fam3.15449
LegSF.fam3.00125	Legume.fam3.16105
LegSF.fam3.00125	Legume.fam3.17409
LegSF.fam3.00125	Legume.fam3.19019
LegSF.fam3.00153	Legume.fam3.06708
LegSF.fam3.00153	Legume.fam3.02315
LegSF.fam3.00153	Legume.fam3.04530
LegSF.fam3.00153	Legume.fam3.05562
LegSF.fam3.00153	Legume.fam3.12188
LegSF.fam3.00153	Legume.fam3.15944
LegSF.fam3.00153	Legume.fam3.15945
LegSF.fam3.00153	Legume.fam3.19240
LegSF.fam3.00153	Legume.fam3.20415
LegSF.fam3.00157	Legume.fam3.02576
LegSF.fam3.00157	Legume.fam3.00751
LegSF.fam3.00157	Legume.fam3.01807
LegSF.fam3.00157	Legume.fam3.04178
LegSF.fam3.00157	Legume.fam3.05070
LegSF.fam3.00157	Legume.fam3.05086
LegSF.fam3.00157	Legume.fam3.05374
LegSF.fam3.00157	Legume.fam3.05531
LegSF.fam3.00157	Legume.fam3.15751
LegSF.fam3.00162	Legume.fam3.24150
LegSF.fam3.00162	Legume.fam3.00236
LegSF.fam3.00162	Legume.fam3.00386
LegSF.fam3.00162	Legume.fam3.10082
LegSF.fam3.00162	Legume.fam3.11413
LegSF.fam3.00162	Legume.fam3.11873
LegSF.fam3.00162	Legume.fam3.16698
LegSF.fam3.00162	Legume.fam3.17209
LegSF.fam3.00162	Legume.fam3.18347
LegSF.fam3.00166	Legume.fam3.15871
LegSF.fam3.00166	Legume.fam3.02192
LegSF.fam3.00166	Legume.fam3.02992
LegSF.fam3.00166	Legume.fam3.06658
LegSF.fam3.00166	Legume.fam3.07307
LegSF.fam3.00166	Legume.fam3.08011
LegSF.fam3.00166	Legume.fam3.18793
LegSF.fam3.00166	Legume.fam3.21147
LegSF.fam3.00166	Legume.fam3.22231
LegSF.fam3.00188	Legume.fam3.23149
LegSF.fam3.00188	Legume.fam3.01071
LegSF.fam3.00188	Legume.fam3.01422
LegSF.fam3.00188	Legume.fam3.03443
LegSF.fam3.00188	Legume.fam3.03954
LegSF.fam3.00188	Legume.fam3.03985
LegSF.fam3.00188	Legume.fam3.10037
LegSF.fam3.00188	Legume.fam3.18805
LegSF.fam3.00219	Legume.fam3.10276
LegSF.fam3.00219	Legume.fam3.01698
LegSF.fam3.00219	Legume.fam3.02500
LegSF.fam3.00219	Legume.fam3.04461
LegSF.fam3.00219	Legume.fam3.07154
LegSF.fam3.00219	Legume.fam3.09366
LegSF.fam3.00219	Legume.fam3.20528
LegSF.fam3.00219	Legume.fam3.20948
LegSF.fam3.00221	Legume.fam3.02772
LegSF.fam3.00221	Legume.fam3.02385
LegSF.fam3.00221	Legume.fam3.02533
LegSF.fam3.00221	Legume.fam3.04753
LegSF.fam3.00221	Legume.fam3.04987
LegSF.fam3.00221	Legume.fam3.05535
LegSF.fam3.00221	Legume.fam3.05713
LegSF.fam3.00221	Legume.fam3.14584
LegSF.fam3.00237	Legume.fam3.13745
LegSF.fam3.00237	Legume.fam3.00491
LegSF.fam3.00237	Legume.fam3.07790
LegSF.fam3.00237	Legume.fam3.08036
LegSF.fam3.00237	Legume.fam3.08183
LegSF.fam3.00237	Legume.fam3.10561
LegSF.fam3.00237	Legume.fam3.14232
LegSF.fam3.00237	Legume.fam3.16631
LegSF.fam3.00240	Legume.fam3.14743
LegSF.fam3.00240	Legume.fam3.00129
LegSF.fam3.00240	Legume.fam3.06715
LegSF.fam3.00240	Legume.fam3.08744
LegSF.fam3.00240	Legume.fam3.10160
LegSF.fam3.00240	Legume.fam3.12069
LegSF.fam3.00240	Legume.fam3.12258
LegSF.fam3.00240	Legume.fam3.18789
LegSF.fam3.00245	Legume.fam3.20996
LegSF.fam3.00245	Legume.fam3.03094
LegSF.fam3.00245	Legume.fam3.04046
LegSF.fam3.00245	Legume.fam3.07387
LegSF.fam3.00245	Legume.fam3.07807
LegSF.fam3.00245	Legume.fam3.10640
LegSF.fam3.00245	Legume.fam3.12621
LegSF.fam3.00245	Legume.fam3.13081
LegSF.fam3.00248	Legume.fam3.04091
LegSF.fam3.00248	Legume.fam3.00863
LegSF.fam3.00248	Legume.fam3.01767
LegSF.fam3.00248	Legume.fam3.07597
LegSF.fam3.00248	Legume.fam3.09258
LegSF.fam3.00248	Legume.fam3.10774
LegSF.fam3.00248	Legume.fam3.22147
LegSF.fam3.00248	Legume.fam3.24315
LegSF.fam3.00255	Legume.fam3.01310
LegSF.fam3.00255	Legume.fam3.01202
LegSF.fam3.00255	Legume.fam3.03155
LegSF.fam3.00255	Legume.fam3.05174
LegSF.fam3.00255	Legume.fam3.07859
LegSF.fam3.00255	Legume.fam3.11537
LegSF.fam3.00255	Legume.fam3.13037
LegSF.fam3.00255	Legume.fam3.17212
LegSF.fam3.00260	Legume.fam3.22003
LegSF.fam3.00260	Legume.fam3.02451
LegSF.fam3.00260	Legume.fam3.06870
LegSF.fam3.00260	Legume.fam3.09568
LegSF.fam3.00260	Legume.fam3.14175
LegSF.fam3.00260	Legume.fam3.17125
LegSF.fam3.00260	Legume.fam3.18461
LegSF.fam3.00264	Legume.fam3.23992
LegSF.fam3.00264	Legume.fam3.07690
LegSF.fam3.00264	Legume.fam3.16834
LegSF.fam3.00264	Legume.fam3.17871
LegSF.fam3.00264	Legume.fam3.19696
LegSF.fam3.00264	Legume.fam3.20576
LegSF.fam3.00264	Legume.fam3.22514
LegSF.fam3.00289	Legume.fam3.07165
LegSF.fam3.00289	Legume.fam3.03819
LegSF.fam3.00289	Legume.fam3.04315
LegSF.fam3.00289	Legume.fam3.05371
LegSF.fam3.00289	Legume.fam3.07035
LegSF.fam3.00289	Legume.fam3.14828
LegSF.fam3.00289	Legume.fam3.18868
LegSF.fam3.00321	Legume.fam3.04058
LegSF.fam3.00321	Legume.fam3.01144
LegSF.fam3.00321	Legume.fam3.03157
LegSF.fam3.00321	Legume.fam3.04770
LegSF.fam3.00321	Legume.fam3.06434
LegSF.fam3.00321	Legume.fam3.16025
LegSF.fam3.00321	Legume.fam3.19136
LegSF.fam3.00331	Legume.fam3.00460
LegSF.fam3.00331	Legume.fam3.02424
LegSF.fam3.00331	Legume.fam3.07682
LegSF.fam3.00331	Legume.fam3.11702
LegSF.fam3.00331	Legume.fam3.11711
LegSF.fam3.00331	Legume.fam3.14717
LegSF.fam3.00331	Legume.fam3.23271
LegSF.fam3.00382	Legume.fam3.09647
LegSF.fam3.00382	Legume.fam3.00873
LegSF.fam3.00382	Legume.fam3.01693
LegSF.fam3.00382	Legume.fam3.02609
LegSF.fam3.00382	Legume.fam3.04785
LegSF.fam3.00382	Legume.fam3.13653
LegSF.fam3.00386	Legume.fam3.02734
LegSF.fam3.00386	Legume.fam3.00413
LegSF.fam3.00386	Legume.fam3.01682
LegSF.fam3.00386	Legume.fam3.08276
LegSF.fam3.00386	Legume.fam3.13111
LegSF.fam3.00386	Legume.fam3.19163
LegSF.fam3.00387	Legume.fam3.03323
LegSF.fam3.00387	Legume.fam3.00559
LegSF.fam3.00387	Legume.fam3.00804
LegSF.fam3.00387	Legume.fam3.02485
LegSF.fam3.00387	Legume.fam3.02589
LegSF.fam3.00387	Legume.fam3.04507
LegSF.fam3.00399	Legume.fam3.15186
LegSF.fam3.00399	Legume.fam3.00770
LegSF.fam3.00399	Legume.fam3.03909
LegSF.fam3.00399	Legume.fam3.05358
LegSF.fam3.00399	Legume.fam3.20652
LegSF.fam3.00399	Legume.fam3.23199
LegSF.fam3.00416	Legume.fam3.14601
LegSF.fam3.00416	Legume.fam3.02895
LegSF.fam3.00416	Legume.fam3.05881
LegSF.fam3.00416	Legume.fam3.08447
LegSF.fam3.00416	Legume.fam3.09510
LegSF.fam3.00416	Legume.fam3.19100
LegSF.fam3.00432	Legume.fam3.20512
LegSF.fam3.00432	Legume.fam3.01402
LegSF.fam3.00432	Legume.fam3.01824
LegSF.fam3.00432	Legume.fam3.03447
LegSF.fam3.00432	Legume.fam3.08091
LegSF.fam3.00432	Legume.fam3.09704
LegSF.fam3.00448	Legume.fam3.01009
LegSF.fam3.00448	Legume.fam3.04123
LegSF.fam3.00448	Legume.fam3.05595
LegSF.fam3.00448	Legume.fam3.06280
LegSF.fam3.00448	Legume.fam3.06536
LegSF.fam3.00448	Legume.fam3.21123
LegSF.fam3.00455	Legume.fam3.01608
LegSF.fam3.00455	Legume.fam3.05462
LegSF.fam3.00455	Legume.fam3.07584
LegSF.fam3.00455	Legume.fam3.11475
LegSF.fam3.00455	Legume.fam3.11596
LegSF.fam3.00455	Legume.fam3.13843
LegSF.fam3.00460	Legume.fam3.21392
LegSF.fam3.00460	Legume.fam3.00430
LegSF.fam3.00460	Legume.fam3.02438
LegSF.fam3.00460	Legume.fam3.18242
LegSF.fam3.00460	Legume.fam3.20132
LegSF.fam3.00478	Legume.fam3.12197
LegSF.fam3.00478	Legume.fam3.09916
LegSF.fam3.00478	Legume.fam3.13784
LegSF.fam3.00478	Legume.fam3.15978
LegSF.fam3.00478	Legume.fam3.18579
LegSF.fam3.00515	Legume.fam3.18425
LegSF.fam3.00515	Legume.fam3.00815
LegSF.fam3.00515	Legume.fam3.05079
LegSF.fam3.00515	Legume.fam3.17814
LegSF.fam3.00515	Legume.fam3.17815
LegSF.fam3.00517	Legume.fam3.18664
LegSF.fam3.00517	Legume.fam3.00224
LegSF.fam3.00517	Legume.fam3.05536
LegSF.fam3.00517	Legume.fam3.14858
LegSF.fam3.00517	Legume.fam3.21654
LegSF.fam3.00531	Legume.fam3.08760
LegSF.fam3.00531	Legume.fam3.00787
LegSF.fam3.00531	Legume.fam3.01448
LegSF.fam3.00531	Legume.fam3.04622
LegSF.fam3.00531	Legume.fam3.10211
LegSF.fam3.00534	Legume.fam3.05993
LegSF.fam3.00534	Legume.fam3.00727
LegSF.fam3.00534	Legume.fam3.02151
LegSF.fam3.00534	Legume.fam3.15801
LegSF.fam3.00534	Legume.fam3.15868
LegSF.fam3.00540	Legume.fam3.06298
LegSF.fam3.00540	Legume.fam3.00883
LegSF.fam3.00540	Legume.fam3.01214
LegSF.fam3.00540	Legume.fam3.17830
LegSF.fam3.00540	Legume.fam3.19262
LegSF.fam3.00565	Legume.fam3.02333
LegSF.fam3.00565	Legume.fam3.01679
LegSF.fam3.00565	Legume.fam3.03366
LegSF.fam3.00565	Legume.fam3.04618
LegSF.fam3.00565	Legume.fam3.09046
LegSF.fam3.00575	Legume.fam3.03262
LegSF.fam3.00575	Legume.fam3.01932
LegSF.fam3.00575	Legume.fam3.02565
LegSF.fam3.00575	Legume.fam3.04392
LegSF.fam3.00575	Legume.fam3.16279
LegSF.fam3.00580	Legume.fam3.03652
LegSF.fam3.00580	Legume.fam3.00095
LegSF.fam3.00580	Legume.fam3.02521
LegSF.fam3.00580	Legume.fam3.06309
LegSF.fam3.00580	Legume.fam3.08885
LegSF.fam3.00582	Legume.fam3.03780
LegSF.fam3.00582	Legume.fam3.05373
LegSF.fam3.00582	Legume.fam3.13940
LegSF.fam3.00582	Legume.fam3.19713
LegSF.fam3.00582	Legume.fam3.22228
LegSF.fam3.00628	Legume.fam3.19150
LegSF.fam3.00628	Legume.fam3.02614
LegSF.fam3.00628	Legume.fam3.04792
LegSF.fam3.00628	Legume.fam3.13737
LegSF.fam3.00628	Legume.fam3.13792
LegSF.fam3.00668	Legume.fam3.00772
LegSF.fam3.00668	Legume.fam3.02035
LegSF.fam3.00668	Legume.fam3.04906
LegSF.fam3.00668	Legume.fam3.09841
LegSF.fam3.00668	Legume.fam3.13259
LegSF.fam3.00672	Legume.fam3.01178
LegSF.fam3.00672	Legume.fam3.03129
LegSF.fam3.00672	Legume.fam3.03349
LegSF.fam3.00672	Legume.fam3.08790
LegSF.fam3.00672	Legume.fam3.17299
LegSF.fam3.00681	Legume.fam3.01633
LegSF.fam3.00681	Legume.fam3.01833
LegSF.fam3.00681	Legume.fam3.03844
LegSF.fam3.00681	Legume.fam3.04956
LegSF.fam3.00681	Legume.fam3.15763
LegSF.fam3.00685	Legume.fam3.01969
LegSF.fam3.00685	Legume.fam3.00989
LegSF.fam3.00685	Legume.fam3.03368
LegSF.fam3.00685	Legume.fam3.07325
LegSF.fam3.00685	Legume.fam3.07423
LegSF.fam3.00741	Legume.fam3.12254
LegSF.fam3.00741	Legume.fam3.02746
LegSF.fam3.00741	Legume.fam3.07275
LegSF.fam3.00741	Legume.fam3.20950
LegSF.fam3.00762	Legume.fam3.11294
LegSF.fam3.00762	Legume.fam3.03662
LegSF.fam3.00762	Legume.fam3.13774
LegSF.fam3.00762	Legume.fam3.20142
LegSF.fam3.00888	Legume.fam3.02823
LegSF.fam3.00888	Legume.fam3.06099
LegSF.fam3.00888	Legume.fam3.14269
LegSF.fam3.00888	Legume.fam3.19505
LegSF.fam3.00902	Legume.fam3.03412
LegSF.fam3.00902	Legume.fam3.04589
LegSF.fam3.00902	Legume.fam3.14955
LegSF.fam3.00902	Legume.fam3.18229
LegSF.fam3.00930	Legume.fam3.14971
LegSF.fam3.00930	Legume.fam3.11517
LegSF.fam3.00930	Legume.fam3.11541
LegSF.fam3.00930	Legume.fam3.12687
LegSF.fam3.00933	Legume.fam3.15190
LegSF.fam3.00933	Legume.fam3.08694
LegSF.fam3.00933	Legume.fam3.23441
LegSF.fam3.00933	Legume.fam3.24794
LegSF.fam3.00938	Legume.fam3.15340
LegSF.fam3.00938	Legume.fam3.00458
LegSF.fam3.00938	Legume.fam3.06673
LegSF.fam3.00938	Legume.fam3.10851
LegSF.fam3.01040	Legume.fam3.05090
LegSF.fam3.01040	Legume.fam3.00756
LegSF.fam3.01040	Legume.fam3.01036
LegSF.fam3.01040	Legume.fam3.19209
LegSF.fam3.01077	Legume.fam3.01345
LegSF.fam3.01077	Legume.fam3.15568
LegSF.fam3.01077	Legume.fam3.17143
LegSF.fam3.01077	Legume.fam3.21940
LegSF.fam3.01087	Legume.fam3.01793
LegSF.fam3.01087	Legume.fam3.01371
LegSF.fam3.01087	Legume.fam3.04523
LegSF.fam3.01087	Legume.fam3.06354
LegSF.fam3.01244	Legume.fam3.10524
LegSF.fam3.01244	Legume.fam3.03673
LegSF.fam3.01244	Legume.fam3.17683
LegSF.fam3.01254	Legume.fam3.10993
LegSF.fam3.01254	Legume.fam3.07169
LegSF.fam3.01254	Legume.fam3.08119
LegSF.fam3.01380	Legume.fam3.18876
LegSF.fam3.01380	Legume.fam3.05387
LegSF.fam3.01380	Legume.fam3.14990
LegSF.fam3.01462	Legume.fam3.06253
LegSF.fam3.01462	Legume.fam3.05980
LegSF.fam3.01462	Legume.fam3.11501
LegSF.fam3.01481	Legume.fam3.06903
LegSF.fam3.01481	Legume.fam3.03767
LegSF.fam3.01481	Legume.fam3.04115
LegSF.fam3.01551	Legume.fam3.02350
LegSF.fam3.01551	Legume.fam3.01377
LegSF.fam3.01551	Legume.fam3.07062
LegSF.fam3.01575	Legume.fam3.03236
LegSF.fam3.01575	Legume.fam3.02594
LegSF.fam3.01575	Legume.fam3.03549
LegSF.fam3.01602	Legume.fam3.24154
LegSF.fam3.01602	Legume.fam3.00484
LegSF.fam3.01602	Legume.fam3.09175
LegSF.fam3.01737	Legume.fam3.16449
LegSF.fam3.01737	Legume.fam3.09541
LegSF.fam3.01737	Legume.fam3.19675
LegSF.fam3.01838	Legume.fam3.19645
LegSF.fam3.01838	Legume.fam3.01089
LegSF.fam3.01838	Legume.fam3.07172
LegSF.fam3.01843	Legume.fam3.19740
LegSF.fam3.01843	Legume.fam3.04571
LegSF.fam3.01843	Legume.fam3.10433
LegSF.fam3.01948	Legume.fam3.03915
LegSF.fam3.01948	Legume.fam3.12131
LegSF.fam3.01948	Legume.fam3.21132
LegSF.fam3.01952	Legume.fam3.04022
LegSF.fam3.01952	Legume.fam3.04233
LegSF.fam3.01952	Legume.fam3.08389
LegSF.fam3.01995	Legume.fam3.05143
LegSF.fam3.01995	Legume.fam3.19000
LegSF.fam3.01995	Legume.fam3.21615
LegSF.fam3.02012	Legume.fam3.05689
LegSF.fam3.02012	Legume.fam3.01311
LegSF.fam3.02012	Legume.fam3.01532
LegSF.fam3.02030	Legume.fam3.00698
LegSF.fam3.02030	Legume.fam3.00183
LegSF.fam3.02030	Legume.fam3.02087
LegSF.fam3.02191	Legume.fam3.21585
LegSF.fam3.02191	Legume.fam3.04079
LegSF.fam3.02502	Legume.fam3.13066
LegSF.fam3.02502	Legume.fam3.02429
LegSF.fam3.02538	Legume.fam3.10687
LegSF.fam3.02538	Legume.fam3.09384
LegSF.fam3.02592	Legume.fam3.11344
LegSF.fam3.02592	Legume.fam3.03105
LegSF.fam3.02755	Legume.fam3.17842
LegSF.fam3.02755	Legume.fam3.09241
LegSF.fam3.02774	Legume.fam3.17998
LegSF.fam3.02774	Legume.fam3.15616
LegSF.fam3.02781	Legume.fam3.18045
LegSF.fam3.02781	Legume.fam3.01062
LegSF.fam3.02933	Legume.fam3.07454
LegSF.fam3.02933	Legume.fam3.08704
LegSF.fam3.03116	Legume.fam3.06150
LegSF.fam3.03116	Legume.fam3.13375
LegSF.fam3.03174	Legume.fam3.06771
LegSF.fam3.03174	Legume.fam3.12125
LegSF.fam3.03189	Legume.fam3.06953
LegSF.fam3.03189	Legume.fam3.04208
LegSF.fam3.03230	Legume.fam3.08985
LegSF.fam3.03230	Legume.fam3.04642
LegSF.fam3.03303	Legume.fam3.09948
LegSF.fam3.03303	Legume.fam3.14537
LegSF.fam3.03357	Legume.fam3.02252
LegSF.fam3.03357	Legume.fam3.06530
LegSF.fam3.03360	Legume.fam3.02266
LegSF.fam3.03360	Legume.fam3.03831
LegSF.fam3.03397	Legume.fam3.02804
LegSF.fam3.03397	Legume.fam3.16198
LegSF.fam3.03431	Legume.fam3.03141
LegSF.fam3.03431	Legume.fam3.13677
LegSF.fam3.03448	Legume.fam3.03331
LegSF.fam3.03448	Legume.fam3.04338
LegSF.fam3.03479	Legume.fam3.03678
LegSF.fam3.03479	Legume.fam3.07324
LegSF.fam3.03713	Legume.fam3.15215
LegSF.fam3.03713	Legume.fam3.19295
LegSF.fam3.03765	Legume.fam3.15534
LegSF.fam3.03765	Legume.fam3.19454
LegSF.fam3.03965	Legume.fam3.13467
LegSF.fam3.03965	Legume.fam3.03160
LegSF.fam3.04240	Legume.fam3.20042
LegSF.fam3.04240	Legume.fam3.13635
LegSF.fam3.04316	Legume.fam3.20608
LegSF.fam3.04316	Legume.fam3.00168
LegSF.fam3.04327	Legume.fam3.20697
LegSF.fam3.04327	Legume.fam3.13876
LegSF.fam3.04343	Legume.fam3.20910
LegSF.fam3.04343	Legume.fam3.03682
LegSF.fam3.04363	Legume.fam3.21052
LegSF.fam3.04363	Legume.fam3.09476
LegSF.fam3.04446	Legume.fam3.04319
LegSF.fam3.04446	Legume.fam3.13951
LegSF.fam3.04468	Legume.fam3.04577
LegSF.fam3.04468	Legume.fam3.03111
LegSF.fam3.04487	Legume.fam3.04860
LegSF.fam3.04487	Legume.fam3.11213
LegSF.fam3.04554	Legume.fam3.00021
LegSF.fam3.04554	Legume.fam3.00711
LegSF.fam3.04585	Legume.fam3.00578
LegSF.fam3.04585	Legume.fam3.09888
LegSF.fam3.04613	Legume.fam3.00961
LegSF.fam3.04613	Legume.fam3.05216
LegSF.fam3.04626	Legume.fam3.01124
LegSF.fam3.04626	Legume.fam3.09420
LegSF.fam3.04640	Legume.fam3.01325
LegSF.fam3.04640	Legume.fam3.05481
LegSF.fam3.06462	Legume.fam3.12424
LegSF.fam3.06524	Legume.fam3.12536
LegSF.fam3.07010	Legume.fam3.10613
LegSF.fam3.07446	Legume.fam3.11321
LegSF.fam3.07571	Legume.fam3.11545
LegSF.fam3.07646	Legume.fam3.11680
LegSF.fam3.08143	Legume.fam3.07453
LegSF.fam3.08303	Legume.fam3.07794
LegSF.fam3.08499	Legume.fam3.08202
LegSF.fam3.08521	Legume.fam3.08246
LegSF.fam3.08657	Legume.fam3.08527
LegSF.fam3.08718	Legume.fam3.08636
LegSF.fam3.09060	Legume.fam3.06162
LegSF.fam3.09130	Legume.fam3.06343
LegSF.fam3.09161	Legume.fam3.06411
LegSF.fam3.09455	Legume.fam3.07087
LegSF.fam3.09598	Legume.fam3.08946
LegSF.fam3.09701	Legume.fam3.09128
LegSF.fam3.09764	Legume.fam3.09232
LegSF.fam3.10269	Legume.fam3.10096
LegSF.fam3.10312	Legume.fam3.10166
LegSF.fam3.10442	Legume.fam3.02102
LegSF.fam3.10479	Legume.fam3.02182
LegSF.fam3.10483	Legume.fam3.02193
LegSF.fam3.10663	Legume.fam3.02724
LegSF.fam3.10671	Legume.fam3.02749
LegSF.fam3.10767	Legume.fam3.02982
LegSF.fam3.10778	Legume.fam3.03018
LegSF.fam3.10877	Legume.fam3.03317
LegSF.fam3.10880	Legume.fam3.03322
LegSF.fam3.10951	Legume.fam3.03547
LegSF.fam3.12123	Legume.fam3.15980
LegSF.fam3.12160	Legume.fam3.16174
LegSF.fam3.12333	Legume.fam3.16852
LegSF.fam3.12469	Legume.fam3.13439
LegSF.fam3.12488	Legume.fam3.13483
LegSF.fam3.13579	Legume.fam3.04102
LegSF.fam3.13721	Legume.fam3.04485
LegSF.fam3.13902	Legume.fam3.04924
LegSF.fam3.14045	Legume.fam3.05284
LegSF.fam3.14125	Legume.fam3.05478
LegSF.fam3.14284	Legume.fam3.00139
LegSF.fam3.14287	Legume.fam3.00143
LegSF.fam3.14312	Legume.fam3.00218
LegSF.fam3.14331	Legume.fam3.00276
LegSF.fam3.14421	Legume.fam3.00508
LegSF.fam3.14476	Legume.fam3.00649
LegSF.fam3.14527	Legume.fam3.00814
LegSF.fam3.14600	Legume.fam3.01050
LegSF.fam3.14698	Legume.fam3.01351
LegSF.fam3.14742	Legume.fam3.01492
LegSF.fam3.14743	Legume.fam3.01494
LegSF.fam3.14759	Legume.fam3.01548
LegSF.fam3.14760	Legume.fam3.01549
LegSF.fam3.14798	Legume.fam3.01659
LegSF.fam3.14821	Legume.fam3.01757
LegSF.fam3.14890	Legume.fam3.01946
